{"carriers":[{"id":"a3015bd0-e895-4711-abf8-edddf1913b09","name":"Warehouse Services Inc.","phoneNumber":"1-812-920-9555","address":{"street1":"0082 Candi Lock","street2":"Apt. 350","zipCode":"52078","city":"East Jaysonbury","state":"IA"}},{"id":"73cb0c84-b432-45e7-b563-475354c9a2c7","name":"Dupré Logistics","phoneNumber":"530-630-5959 x9389","address":{"street1":"02352 Kirlin Dam","street2":"Apt. 068","zipCode":"73557","city":"Beierport","state":"OK"}},{"id":"9e5e11fd-ccbd-4555-9e60-db1eaf9f079a","name":"Hub Group","phoneNumber":"650.316.7345","address":{"street1":"9885 Jefferey Wells","street2":"Suite 789","zipCode":"33460","city":"West Cristopherside","state":"FL"}},{"id":"0236b475-4eab-4f6b-84e7-990160cd5c1a","name":"Averitt Express","phoneNumber":"806.413.9073 x5745","address":{"street1":"19817 Lucina Neck","street2":"Apt. 887","zipCode":"99023","city":"Marcusberg","state":"WA"}},{"id":"1f83fd91-b539-4867-b06d-fa1b1115bfd1","name":"UPS Supply Chain Solutions","phoneNumber":"1-309-206-7272 x1708","address":{"street1":"456 Cathi Branch","street2":"Apt. 609","zipCode":"16027","city":"Konopelskiton","state":"PA"}},{"id":"4a50ada1-9219-4dec-92ee-1195a9ed8d23","name":"DHL Supply Chain","phoneNumber":"(773) 248-4388","address":{"street1":"182 Nolan Hill","street2":"Suite 203","zipCode":"25061","city":"Mannfort","state":"WV"}},{"id":"488a0d21-c97e-4f7a-b835-ca062140207d","name":"Commercial Warehousing","phoneNumber":"740-610-6824 x1566","address":{"street1":"85579 Rempel Squares","street2":"Apt. 047","zipCode":"75086","city":"West Sydney","state":"TX"}},{"id":"823757e3-3441-4ee6-932a-a07b873a7736","name":"Great Plains Transport","phoneNumber":"(607) 360-4682","address":{"street1":"63630 Vina Rest","street2":"Suite 412","zipCode":"07399","city":"South Isaac","state":"NJ"}},{"id":"be38c880-5c01-4d70-95a3-644e3333e770","name":"PAM Transportation","phoneNumber":"315.551.9308 x3680","address":{"street1":"790 Runolfsson Streets","street2":"Apt. 080","zipCode":"05442","city":"New Peteberg","state":"VT"}},{"id":"fa4d19c3-b641-438a-a6e0-054ae3be0aa2","name":"FedEx","phoneNumber":"717.772.1368 x0266","address":{"street1":"9832 Aufderhar Avenue","street2":"Apt. 662","zipCode":"29846","city":"Port Brenton","state":"SC"}}]}